,RSD,
CE.18.1..H,0.573312,57.3312
CE.18.2..H,0.497006,49.7006
CE.18.3..H,0.464982,46.4982
CE.20.3..H,0.463129,46.3129
CE.20.4..H,0.502645,50.2645
CE.22.5..H,0.727445,72.7445
CE.22.6..H,0.669713,66.9713
CER.16.0..H,0.061605,6.1605
CER.18.0..H,0.159117,15.9117
CER.20.0..H,0.094182,9.4182
CER.22.0..H,0.034635,3.4635
CER.22.1..H,0.053369,5.3369
CER.24.0..H,0.040696,4.0696
CER.24.1..H,0.056065,5.6065
CER.26.0..H,0.293489,29.3489
CER.26.1..H,0.253531,25.3531
Cer.d16.1_22.0.,0.136528,13.6528
Cer.d16.1_23.0.,0.175739,17.5739
Cer.d16.1_24.0.,0.096564,9.6564
Cer.d17.1_24.0.,0.093241,9.3241
Cer.d17.1_24.1.,0.179958,17.9958
Cer.d18.2_16.0.,0.154979,15.4979
Cer.d18.2_20.0.,0.302031,30.2031
Cer.d18.2_22.0.,0.14149,14.149
Cer.d18.2_23.0.,0.163701,16.3701
Cer.d18.2_24.0.,0.051271,5.1271
Cer.d18.2_24.1.,0.060636,6.0636
Cer.d19.1_22.0.,0.261626,26.1626
Cer.d19.1_23.0.,0.136779,13.6779
Cer.d19.1_24.0.,0.064394,6.4394
Cer.d19.1_24.1.,0.128046,12.8046
Cer.d20.1_24.0.,0.228694,22.8694
DAG.16.0_17.0..NH4,0.151061,15.1061
DAG.16.0_18.2..NH4,0.491116,49.1116
DAG.16.1_16.1..NH4,0.143951,14.3951
DAG.16.1_17.0..NH4,0.22329,22.329
DAG.18.1_18.1..NH4,0.419945,41.9945
DAG.18.2_18.2..NH4,0.387361,38.7361
DAG.18.2_20.4..NH4,0.382403,38.2403
DAG.20.0_20.3..NH4,0.331409,33.1409
DAG.20.0_20.4..NH4,0.251945,25.1945
DAG.20.0_22.5..NH4,0.291802,29.1802
DAG.20.0_22.6..NH4,0.355752,35.5752
DCER.22.0..H,0.273367,27.3367
DCER.22.1..H,0.059855,5.9855
DCER.24.0..H,0.139043,13.9043
DCER.24.1..H,0.243946,24.3946
HCER.16.0.,0.021099,2.1099
HCER.18.0.,0.043775,4.3775
HCER.18.1.,0.140613,14.0613
HCER.20.0.,0.045323,4.5323
HCER.20.1.,0.188641,18.8641
HCER.22.0.,0.021623,2.1623
HCER.22.1.,0.095533,9.5533
HCER.24.0.,0.030071,3.0071
HCER.24.1.,0.025321,2.5321
HCER.26.0.,0.117309,11.7309
HCER.26.1.,0.252904,25.2904
HCER.d18.0_22.0.,0.113514,11.3514
HCER.d18.0_24.0.,0.14412,14.412
HCER.d18.0_24.1.,0.084241,8.4241
HexCer.d16.1_18.0.,0.063446,6.3446
HexCer.d16.1_22.0.,0.057403,5.7403
HexCer.d16.1_24.0.,0.061689,6.1689
HexCer.d18.2_20.0.,0.102138,10.2138
HexCer.d18.2_22.0.,0.033579,3.3579
HexCer.d18.2_24.0.,0.039229,3.9229
LCER.14.0..H,0.051013,5.1013
LCER.16.0..H,0.027041,2.7041
LCER.18.0..H,0.056589,5.6589
LCER.18.1..H,0.086837,8.6837
LCER.20.0..H,0.089871,8.9871
LCER.20.1..H,0.177067,17.7067
LCER.22.0..H,0.040101,4.0101
LCER.22.1..H,0.076196,7.6196
LCER.24.0..H,0.035978,3.5978
LCER.24.1..H,0.015709,1.5709
LCER.24.2..H,0.035118,3.5118
LCER.26.1..H,0.115717,11.5717
LCER.d18.0_22.0..H.H2O,0.25397,25.397
LCER.d18.0_24.0..H.H2O,0.265336,26.5336
LPC.O.16.0.,0.016362,1.6362
LPC.O.18.0.,0.02185,2.185
LPC.O.20.0.,0.008913,0.8913
LPC.O.20.1.,0.01578,1.578
LPC.O.22.0.,0.014775,1.4775
LPC.P.16.0.,0.019748,1.9748
LPC.P.17.0.,0.025629,2.5629
LPC.P.18.0.,0.022311,2.2311
LPC.P.18.1.,0.033979,3.3979
MAG..14.0..Na,0.159636,15.9636
MAG..15.0..Na,0.148647,14.8647
MAG..16.0..Na,0.197945,19.7945
MAG..18.0..Na,0.13554,13.554
MAG..18.1..Na,0.166833,16.6833
MAG..18.2..Na,0.239839,23.9839
MAG..18.3..Na,0.279202,27.9202
MAG..19.0..Na,0.152827,15.2827
MAG..20.0..Na,0.171504,17.1504
MAG..20.1..Na,0.256218,25.6218
MAG..20.5..Na,0.272505,27.2505
MAG..22.4..Na,0.260595,26.0595
MAG..22.5..Na,0.168642,16.8642
MAG..22.6..Na,0.169231,16.9231
PE.CER.d16.1.16.0.,0.364076,36.4076
PE.Cer.d16.1.18.0.,0.312918,31.2918
PE.Cer.d16.1.20.0.,0.163292,16.3292
PE.Cer.d16.1.22.0.,0.180021,18.0021
PE.Cer.d16.1.24.0.,0.092187,9.2187
PE.Cer.d16.1.24.1.,0.227959,22.7959
SM.31.1..H,0.023983,2.3983
SM.32.0..H,0.023165,2.3165
SM.32.1..H,0.027381,2.7381
SM.33.1..H,0.025587,2.5587
SM.34.0..H,0.028362,2.8362
SM.34.1..H,0.027029,2.7029
SM.34.2..H,0.02709,2.709
SM.34.3..H,0.026498,2.6498
SM.35.1..H,0.024172,2.4172
SM.35.2..H,0.023228,2.3228
SM.36.1..H,0.022747,2.2747
SM.36.2..H,0.021478,2.1478
SM.36.3..H,0.019966,1.9966
SM.37.1..H,0.018963,1.8963
SM.37.2..H,0.018552,1.8552
SM.38.1..H,0.025098,2.5098
SM.38.2..H,0.023814,2.3814
SM.38.3..H,0.025732,2.5732
SM.39.1..H,0.026128,2.6128
SM.40.0..H,0.022371,2.2371
SM.40.1..H,0.021768,2.1768
SM.40.2..H,0.018783,1.8783
SM.40.3..H,0.022081,2.2081
SM.41.1..H,0.024044,2.4044
SM.41.2..H,0.023481,2.3481
SM.42.1..H,0.024211,2.4211
SM.42.2..H,0.021985,2.1985
SM.43.2..H,0.022203,2.2203
SM.44.1..H,0.020271,2.0271
SM.44.2..H,0.019183,1.9183
SM.44.3..H,0.023409,2.3409
TAG.42.1_FA16.1..NH4,0.374829,37.4829
TAG.44.0_FA16.0..NH4,0.121659,12.1659
TAG.44.0_FA18.0..NH4,0.321372,32.1372
TAG.44.1_FA16.1..NH4,0.271326,27.1326
TAG.44.1_FA18.1..NH4,0.156167,15.6167
TAG.44.2_FA18.1..NH4,0.361005,36.1005
TAG.44.3_FA18.2..NH4,0.484505,48.4505
TAG.45.0_FA16.0..NH4,0.335589,33.5589
TAG.45.1_FA16.0..NH4,0.344984,34.4984
TAG.45.1_FA18.1..NH4,0.375156,37.5156
TAG.46.0_FA14.0..NH4,0.056198,5.6198
TAG.46.0_FA16.0..NH4,0.056925,5.6925
TAG.46.0_FA18.0..NH4,0.134213,13.4213
TAG.46.1_FA14.0..NH4,0.055027,5.5027
TAG.46.1_FA16.0..NH4,0.086428,8.6428
TAG.46.1_FA16.1..NH4,0.075756,7.5756
TAG.46.1_FA18.0..NH4,0.28087,28.087
TAG.46.1_FA18.1..NH4,0.079053,7.9053
TAG.46.2_FA14.0..NH4,0.112315,11.2315
TAG.46.2_FA16.0..NH4,0.073162,7.3162
TAG.46.2_FA16.1..NH4,0.125124,12.5124
TAG.46.2_FA18.1..NH4,0.131432,13.1432
TAG.46.2_FA18.2..NH4,0.112569,11.2569
TAG.46.3_FA16.0..NH4,0.206917,20.6917
TAG.46.3_FA16.1..NH4,0.183644,18.3644
TAG.46.3_FA18.2..NH4,0.208892,20.8892
TAG.46.3_FA18.3..NH4,0.144379,14.4379
TAG.47.0_FA14.0..NH4,0.16742,16.742
TAG.47.0_FA16.0..NH4,0.084606,8.4606
TAG.47.1_FA16.1..NH4,0.313034,31.3034
TAG.47.1_FA17.0..NH4,0.339361,33.9361
TAG.47.1_FA18.1..NH4,0.107041,10.7041
TAG.47.2_FA18.2..NH4,0.172335,17.2335
TAG.48.0_FA14.0..NH4,0.07582,7.582
TAG.48.0_FA16.0..NH4,0.059328,5.9328
TAG.48.0_FA18.0..NH4,0.068234,6.8234
TAG.48.1_FA14.0..NH4,0.053783,5.3783
TAG.48.1_FA16.0..NH4,0.062724,6.2724
TAG.48.1_FA16.1..NH4,0.054133,5.4133
TAG.48.1_FA18.0..NH4,0.129866,12.9866
TAG.48.1_FA18.1..NH4,0.057827,5.7827
TAG.48.2_FA14.0..NH4,0.052394,5.2394
TAG.48.2_FA16.0..NH4,0.067271,6.7271
TAG.48.2_FA16.1..NH4,0.071958,7.1958
TAG.48.2_FA18.1..NH4,0.076158,7.6158
TAG.48.2_FA18.2..NH4,0.061475,6.1475
TAG.48.3_FA14.0..NH4,0.086643,8.6643
TAG.48.3_FA16.0..NH4,0.090428,9.0428
TAG.48.3_FA16.1..NH4,0.103162,10.3162
TAG.48.3_FA18.1..NH4,0.080968,8.0968
TAG.48.3_FA18.2..NH4,0.077491,7.7491
TAG.48.3_FA18.3..NH4,0.10386,10.386
TAG.48.4_FA14.0..NH4,0.160304,16.0304
TAG.48.4_FA16.0..NH4,0.120617,12.0617
TAG.48.4_FA18.1..NH4,0.238622,23.8622
TAG.48.4_FA18.3..NH4,0.113038,11.3038
TAG.48.5_FA18.3..NH4,0.242256,24.2256
TAG.49.0_FA16.0..NH4,0.090596,9.0596
TAG.49.0_FA18.0..NH4,0.116007,11.6007
TAG.49.1_FA14.0..NH4,0.235236,23.5236
TAG.49.1_FA16.0..NH4,0.093507,9.3507
TAG.49.1_FA16.1..NH4,0.141055,14.1055
TAG.49.1_FA17.0..NH4,0.167145,16.7145
TAG.49.1_FA18.1..NH4,0.077594,7.7594
TAG.49.2_FA16.1..NH4,0.097221,9.7221
TAG.49.2_FA17.0..NH4,0.201901,20.1901
TAG.49.2_FA18.1..NH4,0.087476,8.7476
TAG.49.2_FA18.2..NH4,0.086876,8.6876
TAG.49.3_FA18.2..NH4,0.065133,6.5133
TAG.50.0_FA14.0..NH4,0.186649,18.6649
TAG.50.0_FA16.0..NH4,0.034975,3.4975
TAG.50.0_FA18.0..NH4,0.028905,2.8905
TAG.50.1_FA14.0..NH4,0.044926,4.4926
TAG.50.1_FA16.0..NH4,0.041354,4.1354
TAG.50.1_FA16.1..NH4,0.027271,2.7271
TAG.50.1_FA18.0..NH4,0.033436,3.3436
TAG.50.1_FA18.1..NH4,0.048685,4.8685
TAG.50.1_FA20.1..NH4,0.210336,21.0336
TAG.50.2_FA14.0..NH4,0.044019,4.4019
TAG.50.2_FA16.0..NH4,0.04238,4.238
TAG.50.2_FA16.1..NH4,0.034051,3.4051
TAG.50.2_FA18.0..NH4,0.088168,8.8168
TAG.50.2_FA18.1..NH4,0.046444,4.6444
TAG.50.2_FA18.2..NH4,0.045522,4.5522
TAG.50.3_FA14.0..NH4,0.050622,5.0622
TAG.50.3_FA16.0..NH4,0.043278,4.3278
TAG.50.3_FA16.1..NH4,0.045939,4.5939
TAG.50.3_FA18.0..NH4,0.176956,17.6956
TAG.50.3_FA18.1..NH4,0.050529,5.0529
TAG.50.3_FA18.2..NH4,0.045379,4.5379
TAG.50.3_FA18.3..NH4,0.057901,5.7901
TAG.50.3_FA20.3..NH4,0.117441,11.7441
TAG.50.4_FA14.0..NH4,0.074386,7.4386
TAG.50.4_FA16.0..NH4,0.061842,6.1842
TAG.50.4_FA16.1..NH4,0.063558,6.3558
TAG.50.4_FA18.1..NH4,0.078999,7.8999
TAG.50.4_FA18.2..NH4,0.043184,4.3184
TAG.50.4_FA18.3..NH4,0.054614,5.4614
TAG.50.4_FA20.3..NH4,0.224092,22.4092
TAG.50.4_FA20.4..NH4,0.090167,9.0167
TAG.50.5_FA14.0..NH4,0.139013,13.9013
TAG.50.5_FA16.0..NH4,0.016949,1.6949
TAG.50.5_FA16.1..NH4,0.171244,17.1244
TAG.50.5_FA18.1..NH4,0.183806,18.3806
TAG.50.5_FA18.2..NH4,0.151882,15.1882
TAG.50.5_FA18.3..NH4,0.120527,12.0527
TAG.50.5_FA20.4..NH4,0.138933,13.8933
TAG.50.5_FA20.5..NH4,0.236719,23.6719
TAG.51.0_FA16.0..NH4,0.03668,3.668
TAG.51.0_FA17.0..NH4,0.088808,8.8808
TAG.51.0_FA18.0..NH4,0.108476,10.8476
TAG.51.1_FA16.0..NH4,0.105915,10.5915
TAG.51.1_FA17.0..NH4,0.045061,4.5061
TAG.51.1_FA18.0..NH4,0.110482,11.0482
TAG.51.1_FA18.1..NH4,0.054682,5.4682
TAG.51.2_FA16.0..NH4,0.063437,6.3437
TAG.51.2_FA16.1..NH4,0.132699,13.2699
TAG.51.2_FA17.0..NH4,0.069135,6.9135
TAG.51.2_FA18.1..NH4,0.066259,6.6259
TAG.51.2_FA18.2..NH4,0.095926,9.5926
TAG.51.3_FA16.1..NH4,0.111742,11.1742
TAG.51.3_FA17.0..NH4,0.095565,9.5565
TAG.51.3_FA18.2..NH4,0.079323,7.9323
TAG.51.3_FA18.3..NH4,0.150312,15.0312
TAG.51.4_FA16.1..NH4,0.202556,20.2556
TAG.51.4_FA18.2..NH4,0.083033,8.3033
TAG.51.4_FA18.3..NH4,0.097172,9.7172
TAG.51.5_FA18.2..NH4,0.288134,28.8134
TAG.51.5_FA18.3..NH4,0.235116,23.5116
TAG.52.0_FA16.0..NH4,0.042275,4.2275
TAG.52.0_FA18.0..NH4,0.052946,5.2946
TAG.52.0_FA20.0..NH4,0.202346,20.2346
TAG.52.1_FA16.0..NH4,0.044204,4.4204
TAG.52.1_FA16.1..NH4,0.097811,9.7811
TAG.52.1_FA18.0..NH4,0.043209,4.3209
TAG.52.1_FA18.1..NH4,0.037406,3.7406
TAG.52.1_FA20.0..NH4,0.205645,20.5645
TAG.52.1_FA20.1..NH4,0.095535,9.5535
TAG.52.2_FA14.0..NH4,0.317658,31.7658
TAG.52.2_FA16.0..NH4,0.042722,4.2722
TAG.52.2_FA16.1..NH4,0.041307,4.1307
TAG.52.2_FA18.0..NH4,0.038792,3.8792
TAG.52.2_FA18.1..NH4,0.03657,3.657
TAG.52.2_FA18.2..NH4,0.034007,3.4007
TAG.52.2_FA20.0..NH4,0.392913,39.2913
TAG.52.2_FA20.1..NH4,0.098901,9.8901
TAG.52.2_FA20.2..NH4,0.077161,7.7161
TAG.52.3_FA16.0..NH4,0.048652,4.8652
TAG.52.3_FA16.1..NH4,0.056018,5.6018
TAG.52.3_FA18.0..NH4,0.063255,6.3255
TAG.52.3_FA18.1..NH4,0.039293,3.9293
TAG.52.3_FA18.2..NH4,0.054282,5.4282
TAG.52.3_FA18.3..NH4,0.0715,7.15
TAG.52.3_FA20.0..NH4,0.101061,10.1061
TAG.52.3_FA20.1..NH4,0.201746,20.1746
TAG.52.3_FA20.2..NH4,0.117403,11.7403
TAG.52.3_FA20.3..NH4,0.114933,11.4933
TAG.52.4_FA14.0..NH4,0.122088,12.2088
TAG.52.4_FA16.0..NH4,0.052125,5.2125
TAG.52.4_FA16.1..NH4,0.043201,4.3201
TAG.52.4_FA18.0..NH4,0.159674,15.9674
TAG.52.4_FA18.1..NH4,0.04342,4.342
TAG.52.4_FA18.2..NH4,0.04221,4.221
TAG.52.4_FA18.3..NH4,0.042316,4.2316
TAG.52.4_FA20.0..NH4,0.194018,19.4018
TAG.52.4_FA20.2..NH4,0.164735,16.4735
TAG.52.4_FA20.3..NH4,0.082594,8.2594
TAG.52.4_FA20.4..NH4,0.056544,5.6544
TAG.52.4_FA22.4..NH4,0.245289,24.5289
TAG.52.5_FA14.0..NH4,0.184304,18.4304
TAG.52.5_FA16.0..NH4,0.059958,5.9958
TAG.52.5_FA16.1..NH4,0.051599,5.1599
TAG.52.5_FA18.1..NH4,0.061676,6.1676
TAG.52.5_FA18.2..NH4,0.05209,5.209
TAG.52.5_FA18.3..NH4,0.043019,4.3019
TAG.52.5_FA20.3..NH4,0.145363,14.5363
TAG.52.5_FA20.4..NH4,0.071162,7.1162
TAG.52.5_FA20.5..NH4,0.115688,11.5688
TAG.52.6_FA14.0..NH4,0.298298,29.8298
TAG.52.6_FA16.0..NH4,0.025593,2.5593
TAG.52.6_FA16.1..NH4,0.0723,7.23
TAG.52.6_FA18.1..NH4,0.054215,5.4215
TAG.52.6_FA18.2..NH4,0.085109,8.5109
TAG.52.6_FA18.3..NH4,0.082137,8.2137
TAG.52.6_FA20.4..NH4,0.102863,10.2863
TAG.52.6_FA20.5..NH4,0.095344,9.5344
TAG.52.7_FA16.0..NH4,0.049445,4.9445
TAG.52.7_FA22.6..NH4,0.323211,32.3211
TAG.53.0_FA16.0..NH4,0.153298,15.3298
TAG.53.1_FA16.0..NH4,0.132263,13.2263
TAG.53.1_FA17.0..NH4,0.094557,9.4557
TAG.53.1_FA18.0..NH4,0.072786,7.2786
TAG.53.1_FA18.1..NH4,0.062146,6.2146
TAG.53.2_FA16.0..NH4,0.079993,7.9993
TAG.53.2_FA17.0..NH4,0.089791,8.9791
TAG.53.2_FA18.1..NH4,0.072473,7.2473
TAG.53.2_FA18.2..NH4,0.112973,11.2973
TAG.53.3_FA16.0..NH4,0.105663,10.5663
TAG.53.3_FA17.0..NH4,0.075976,7.5976
TAG.53.3_FA18.2..NH4,0.068144,6.8144
TAG.53.4_FA16.0..NH4,0.149746,14.9746
TAG.53.4_FA17.0..NH4,0.094438,9.4438
TAG.53.4_FA18.2..NH4,0.069468,6.9468
TAG.53.4_FA18.3..NH4,0.155092,15.5092
TAG.53.4_FA20.4..NH4,0.226152,22.6152
TAG.53.5_FA20.4..NH4,0.177734,17.7734
TAG.53.6_FA20.4..NH4,0.393751,39.3751
TAG.54.0_FA16.0..NH4,0.109457,10.9457
TAG.54.0_FA18.0..NH4,0.07586,7.586
TAG.54.1_FA16.0..NH4,0.05963,5.963
TAG.54.1_FA18.0..NH4,0.065414,6.5414
TAG.54.1_FA18.1..NH4,0.077892,7.7892
TAG.54.1_FA20.0..NH4,0.104475,10.4475
TAG.54.1_FA20.1..NH4,0.104272,10.4272
TAG.54.2_FA16.0..NH4,0.07993,7.993
TAG.54.2_FA18.0..NH4,0.057799,5.7799
TAG.54.2_FA18.1..NH4,0.051278,5.1278
TAG.54.2_FA18.2..NH4,0.057494,5.7494
TAG.54.2_FA20.0..NH4,0.11048,11.048
TAG.54.2_FA20.1..NH4,0.040348,4.0348
TAG.54.2_FA20.2..NH4,0.111832,11.1832
TAG.54.3_FA16.0..NH4,0.065726,6.5726
TAG.54.3_FA16.1..NH4,0.171171,17.1171
TAG.54.3_FA18.0..NH4,0.045145,4.5145
TAG.54.3_FA18.1..NH4,0.044726,4.4726
TAG.54.3_FA18.2..NH4,0.048686,4.8686
TAG.54.3_FA18.3..NH4,0.202538,20.2538
TAG.54.3_FA20.1..NH4,0.040874,4.0874
TAG.54.3_FA20.2..NH4,0.058213,5.8213
TAG.54.3_FA20.3..NH4,0.09616,9.616
TAG.54.4_FA16.0..NH4,0.03893,3.893
TAG.54.4_FA16.1..NH4,0.111332,11.1332
TAG.54.4_FA18.0..NH4,0.055966,5.5966
TAG.54.4_FA18.1..NH4,0.052027,5.2027
TAG.54.4_FA18.2..NH4,0.053538,5.3538
TAG.54.4_FA18.3..NH4,0.036054,3.6054
TAG.54.4_FA20.1..NH4,0.123557,12.3557
TAG.54.4_FA20.2..NH4,0.046161,4.6161
TAG.54.4_FA20.3..NH4,0.063156,6.3156
TAG.54.4_FA20.4..NH4,0.086614,8.6614
TAG.54.4_FA22.4..NH4,0.117199,11.7199
TAG.54.5_FA16.0..NH4,0.089205,8.9205
TAG.54.5_FA16.1..NH4,0.077804,7.7804
TAG.54.5_FA18.0..NH4,0.103279,10.3279
TAG.54.5_FA18.1..NH4,0.030212,3.0212
TAG.54.5_FA18.2..NH4,0.053281,5.3281
TAG.54.5_FA18.3..NH4,0.041943,4.1943
TAG.54.5_FA20.2..NH4,0.106758,10.6758
TAG.54.5_FA20.3..NH4,0.079599,7.9599
TAG.54.5_FA20.4..NH4,0.047207,4.7207
TAG.54.5_FA20.5..NH4,0.102128,10.2128
TAG.54.5_FA22.4..NH4,0.140184,14.0184
TAG.54.5_FA22.5..NH4,0.071315,7.1315
TAG.54.6_FA16.0..NH4,0.052465,5.2465
TAG.54.6_FA16.1..NH4,0.055263,5.5263
TAG.54.6_FA18.1..NH4,0.028097,2.8097
TAG.54.6_FA18.2..NH4,0.056826,5.6826
TAG.54.6_FA18.3..NH4,0.060651,6.0651
TAG.54.6_FA20.3..NH4,0.138407,13.8407
TAG.54.6_FA20.4..NH4,0.051836,5.1836
TAG.54.6_FA20.5..NH4,0.045695,4.5695
TAG.54.6_FA22.5..NH4,0.108458,10.8458
TAG.54.6_FA22.6..NH4,0.056995,5.6995
TAG.54.7_FA16.1..NH4,0.141347,14.1347
TAG.54.7_FA18.1..NH4,0.019627,1.9627
TAG.54.7_FA18.2..NH4,0.053533,5.3533
TAG.54.7_FA18.3..NH4,0.089776,8.9776
TAG.54.7_FA20.4..NH4,0.099894,9.9894
TAG.54.7_FA20.5..NH4,0.092366,9.2366
TAG.54.7_FA22.5..NH4,0.058483,5.8483
TAG.54.7_FA22.6..NH4,0.061275,6.1275
TAG.54.8_FA18.2..NH4,0.163573,16.3573
TAG.54.8_FA18.3..NH4,0.137533,13.7533
TAG.54.8_FA20.4..NH4,0.230969,23.0969
TAG.54.8_FA20.5..NH4,0.1926,19.26
TAG.54.8_FA22.6..NH4,0.243576,24.3576
TAG.55.1_FA16.0..NH4,0.096185,9.6185
TAG.55.1_FA18.1..NH4,0.022899,2.2899
TAG.55.2_FA18.1..NH4,0.066757,6.6757
TAG.55.2_FA18.2..NH4,0.201526,20.1526
TAG.55.3_FA18.1..NH4,0.093562,9.3562
TAG.55.3_FA18.2..NH4,0.15355,15.355
TAG.55.4_FA18.1..NH4,0.159444,15.9444
TAG.55.4_FA18.2..NH4,0.16716,16.716
TAG.55.5_FA18.1..NH4,0.143332,14.3332
TAG.55.5_FA18.2..NH4,0.1554,15.54
TAG.55.5_FA20.4..NH4,0.109865,10.9865
TAG.55.7_FA22.6..NH4,0.174465,17.4465
TAG.56.1_FA16.0..NH4,0.165808,16.5808
TAG.56.1_FA18.1..NH4,0.117939,11.7939
TAG.56.10_FA18.2..NH4,0.17151,17.151
TAG.56.2_FA16.0..NH4,0.141304,14.1304
TAG.56.2_FA18.0..NH4,0.09987,9.987
TAG.56.2_FA20.0..NH4,0.115978,11.5978
TAG.56.2_FA20.1..NH4,0.156029,15.6029
TAG.56.3_FA16.0..NH4,0.126747,12.6747
TAG.56.3_FA18.0..NH4,0.113577,11.3577
TAG.56.3_FA18.1..NH4,0.053934,5.3934
TAG.56.3_FA18.2..NH4,0.107105,10.7105
TAG.56.3_FA20.0..NH4,0.137152,13.7152
TAG.56.3_FA20.1..NH4,0.076034,7.6034
TAG.56.3_FA20.2..NH4,0.157625,15.7625
TAG.56.4_FA16.0..NH4,0.088116,8.8116
TAG.56.4_FA18.0..NH4,0.085934,8.5934
TAG.56.4_FA18.1..NH4,0.076805,7.6805
TAG.56.4_FA18.2..NH4,0.059613,5.9613
TAG.56.4_FA20.1..NH4,0.092412,9.2412
TAG.56.4_FA20.2..NH4,0.067462,6.7462
TAG.56.4_FA20.3..NH4,0.114422,11.4422
TAG.56.4_FA20.4..NH4,0.085247,8.5247
TAG.56.4_FA22.4..NH4,0.126782,12.6782
TAG.56.5_FA16.0..NH4,0.049495,4.9495
TAG.56.5_FA18.0..NH4,0.060059,6.0059
TAG.56.5_FA18.1..NH4,0.048393,4.8393
TAG.56.5_FA18.2..NH4,0.088654,8.8654
TAG.56.5_FA20.1..NH4,0.096589,9.6589
TAG.56.5_FA20.2..NH4,0.090029,9.0029
TAG.56.5_FA20.3..NH4,0.057645,5.7645
TAG.56.5_FA20.4..NH4,0.044584,4.4584
TAG.56.5_FA22.4..NH4,0.105385,10.5385
TAG.56.5_FA22.5..NH4,0.140076,14.0076
TAG.56.6_FA16.0..NH4,0.046647,4.6647
TAG.56.6_FA18.0..NH4,0.070221,7.0221
TAG.56.6_FA18.1..NH4,0.057087,5.7087
TAG.56.6_FA18.2..NH4,0.05299,5.299
TAG.56.6_FA18.3..NH4,0.17897,17.897
TAG.56.6_FA20.2..NH4,0.093109,9.3109
TAG.56.6_FA20.3..NH4,0.043266,4.3266
TAG.56.6_FA20.4..NH4,0.039181,3.9181
TAG.56.6_FA20.5..NH4,0.128351,12.8351
TAG.56.6_FA22.4..NH4,0.105218,10.5218
TAG.56.6_FA22.5..NH4,0.067579,6.7579
TAG.56.6_FA22.6..NH4,0.120772,12.0772
TAG.56.7_FA16.0..NH4,0.071197,7.1197
TAG.56.7_FA16.1..NH4,0.144952,14.4952
TAG.56.7_FA18.0..NH4,0.100893,10.0893
TAG.56.7_FA18.1..NH4,0.060842,6.0842
TAG.56.7_FA18.2..NH4,0.057497,5.7497
TAG.56.7_FA18.3..NH4,0.164875,16.4875
TAG.56.7_FA20.3..NH4,0.102604,10.2604
TAG.56.7_FA20.4..NH4,0.03892,3.892
TAG.56.7_FA20.5..NH4,0.088245,8.8245
TAG.56.7_FA22.4..NH4,0.202779,20.2779
TAG.56.7_FA22.5..NH4,0.054529,5.4529
TAG.56.7_FA22.6..NH4,0.070481,7.0481
TAG.56.8_FA16.0..NH4,0.129546,12.9546
TAG.56.8_FA16.1..NH4,0.138341,13.8341
TAG.56.8_FA18.1..NH4,0.024734,2.4734
TAG.56.8_FA18.2..NH4,0.075194,7.5194
TAG.56.8_FA18.3..NH4,0.162616,16.2616
TAG.56.8_FA20.4..NH4,0.08473,8.473
TAG.56.8_FA20.5..NH4,0.128512,12.8512
TAG.56.8_FA22.5..NH4,0.13138,13.138
TAG.56.8_FA22.6..NH4,0.039063,3.9063
TAG.56.9_FA18.3..NH4,0.260868,26.0868
TAG.56.9_FA20.4..NH4,0.151582,15.1582
TAG.56.9_FA20.5..NH4,0.171081,17.1081
TAG.56.9_FA22.6..NH4,0.169557,16.9557
TAG.57.2_FA18.1..NH4,0.114204,11.4204
TAG.57.3_FA18.2..NH4,0.166237,16.6237
TAG.58.10_FA18.2..NH4,0.185455,18.5455
TAG.58.10_FA20.4..NH4,0.110304,11.0304
TAG.58.10_FA20.5..NH4,0.181329,18.1329
TAG.58.10_FA22.5..NH4,0.331497,33.1497
TAG.58.10_FA22.6..NH4,0.063177,6.3177
TAG.58.2_FA18.1..NH4,0.106997,10.6997
TAG.58.3_FA18.1..NH4,0.153991,15.3991
TAG.58.6_FA16.0..NH4,0.192706,19.2706
TAG.58.6_FA18.0..NH4,0.122449,12.2449
TAG.58.6_FA18.1..NH4,0.127305,12.7305
TAG.58.6_FA20.4..NH4,0.169478,16.9478
TAG.58.6_FA22.4..NH4,0.112706,11.2706
TAG.58.6_FA22.5..NH4,0.089411,8.9411
TAG.58.7_FA16.0..NH4,0.099519,9.9519
TAG.58.7_FA18.0..NH4,0.112673,11.2673
TAG.58.7_FA18.1..NH4,0.092689,9.2689
TAG.58.7_FA18.2..NH4,0.154716,15.4716
TAG.58.7_FA20.4..NH4,0.081238,8.1238
TAG.58.7_FA22.4..NH4,0.114991,11.4991
TAG.58.7_FA22.5..NH4,0.077472,7.7472
TAG.58.7_FA22.6..NH4,0.111641,11.1641
TAG.58.8_FA18.1..NH4,0.029273,2.9273
TAG.58.8_FA18.2..NH4,0.088128,8.8128
TAG.58.8_FA20.3..NH4,0.121434,12.1434
TAG.58.8_FA20.4..NH4,0.077063,7.7063
TAG.58.8_FA22.5..NH4,0.086212,8.6212
TAG.58.8_FA22.6..NH4,0.0516,5.16
TAG.58.9_FA18.1..NH4,0.099151,9.9151
TAG.58.9_FA18.2..NH4,0.110432,11.0432
TAG.58.9_FA20.4..NH4,0.095624,9.5624
TAG.58.9_FA22.5..NH4,0.189564,18.9564
TAG.58.9_FA22.6..NH4,0.0763,7.63
TAG.60.10_FA22.5..NH4,0.177795,17.7795
TAG.60.10_FA22.6..NH4,0.204399,20.4399
TAG.60.11_FA22.5..NH4,0.413579,41.3579
TAG.60.11_FA22.6..NH4,0.218256,21.8256
TG.49.1...NL.15.0.,0.062773,6.2773
TG.51.2...NL.15.0.,0.079343,7.9343
TG.O.50.1...NL.16.0.,0.092567,9.2567
TG.O.52.0...NL.16.0.,0.036099,3.6099
TG.O.52.2...NL.16.0.,0.063492,6.3492
